ID,fileName,fileNamePE,experiment,tissue,condition,replicate,merge,pairedEnd,mergeMacs,macsInput,phredScore,adapter,trimQuality,adapterPE,trimQualityPE,readLength
SRR1013859,SRR1013859_1_trim.fastq.gz,SRR1013859_2_trim.fastq.gz,GSE51497,LREX,GR_with_Dex_treatment,1,SRR1013859;SRR1013860;SRR1013861,true,noMerge,SRR1013867,33,GATCGGAAGAGCACACGTCTGAACTCCAGTCACATCACGATCTCGTATGC;AGATCGGAAGAGCACACGTCTGAACTCCAGTCACATCACGATCTCGTATG;GATCGGAAGAGCACACGTCTGAACTCCAGTCACATCACGATATCGTATGC;AGATCGGAAGAGCACACGTCTGAACTCCAGTCACATCACGATATCGTATG;CGTATGCCGTCTTCTGCTTGAGATCGGAAGAGCACACGTCTGAACTCCAG;CGGTGGTAGATCGGAAGAGCACACGTCTGAACTCCAGTCACATCACGATC,20,AGATCGGAAGAGCGTCGTGTAGGGAAAGAGTGTAGATCTCGGTGGTCGCC;GATCGGAAGAGCGTCGTGTAGGGAAAGAGTGTAGATCTCGGTGGTCGCCG,20,50
SRR1013860,SRR1013860_1_trim.fastq.gz,SRR1013860_2_trim.fastq.gz,GSE51497,LREX,GR_with_Dex_treatment,1,,true,noMerge,SRR1013867,33,GATCGGAAGAGCACACGTCTGAACTCCAGTCACATCACGATCTCGTATGC;AGATCGGAAGAGCACACGTCTGAACTCCAGTCACATCACGATCTCGTATG;GATCGGAAGAGCACACGTCTGAACTCCAGTCACATCACGATATCGTATGC;AGATCGGAAGAGCACACGTCTGAACTCCAGTCACATCACGATATCGTATG;CGTATGCCGTCTTCTGCTTGAGATCGGAAGAGCACACGTCTGAACTCCAG;CGGTGGTAGATCGGAAGAGCACACGTCTGAACTCCAGTCACATCACGATC;GATCGGAAGAGCACACGCTGAACTCCAGTCACATCACGATCTCGTATGCC,20,AGATCGGAAGAGCGTCGTGTAGGGAAAGAGTGTAGATCTCGGTGGTCGCC;GATCGGAAGAGCGTCGTGTAGGGAAAGAGTGTAGATCTCGGTGGTCGCCG;AGATCGGAAGAGCGTCGTGTAGGGAAAGAGGGTAGATCTCGGTGGTCGCC;CCGAGATCGGAAGAGCGTCGTGTAGGGAAAGAGTGTAGATCTCGGAGATC,20,50
SRR1013861,SRR1013861_1_trim.fastq.gz,SRR1013861_2_trim.fastq.gz,GSE51497,LREX,GR_with_Dex_treatment,1,,true,noMerge,SRR1013867,33,GATCGGAAGAGCACACGTCTGAACTCCAGTCACATCACGATCTCGTATGC;AGATCGGAAGAGCACACGTCTGAACTCCAGTCACATCACGATCTCGTATG;GATCGGAAGAGCACACGTCTGAACTCCAGTCACATCACGATATCGTATGC;AGATCGGAAGAGCACACGTCTGAACTCCAGTCACATCACGATATCGTATG;CGTATGCCGTCTTCTGCTTGAGATCGGAAGAGCACACGTCTGAACTCCAG;CGGTGGTAGATCGGAAGAGCACACGTCTGAACTCCAGTCACATCACGATC;GATCGGAAGAGCACACGCTGAACTCCAGTCACATCACGATCTCGTATGCC,20,AGATCGGAAGAGCGTCGTGTAGGGAAAGAGTGTAGATCTCGGTGGTCGCC;GATCGGAAGAGCGTCGTGTAGGGAAAGAGTGTAGATCTCGGTGGTCGCCG;CCGAGATCGGAAGAGCGTCGTGTAGGGAAAGAGTGTAGATCTCGGAGATC;AGATCGGAAGAGCGTCGTGTAGGGAAAGAGGGTAGATCTCGGTGGTCGCC,20,50
SRR1013862,SRR1013862_1_trim.fastq.gz,SRR1013862_2_trim.fastq.gz,GSE51497,LREX,AR_with_DHT_treatment,1,SRR1013862;SRR1013864;SRR1013863,true,noMerge,SRR1013870,33,GATCGGAAGAGCACACGTCTGAACTCCAGTCACTGACCAATCTCGTATGC;CGTATGCCGTCTTCTGCTTGAGATCGGAAGAGCACACGTCTGAACTCCAG;AGATCGGAAGAGCACACGTCTGAACTCCAGTCACTGACCAATCTCGTATG;AGAGCACACGTCTGAACTCCAGTCACTGACCAATCTCGTATGCCGTCTTC;AGCACACGTCTGAACTCCAGTCACTGACCAATCTCGTATGCCGTCTTCTG;CACACGTCTGAACTCCAGTCACTGACCAATCTCGTATGCCGTCTTCTGCT;AAGAGCACACGTCTGAACTCCAGTCACTGACCAATCTCGTATGCCGTCTT;GATCGGAAGAGCACACGTCTGAACTCCAGTCACTGACCAATATCGTATGC;CGTATGCCGTCTTCTGCTTGAGAACGGAAGAGCACACGTCTGAACTCCAG;ACACGTCTGAACTCCAGTCACTGACCAATCTCGTATGCCGTCTTCTGCTT;GCACACGTCTGAACTCCAGTCACTGACCAATCTCGTATGCCGTCTTCTGC;GATTGGAAGAGCACACGTCTGAACTCCAGTCACTGACCAATCTCGTATGC;CGTATGCCGTCTTCTGCTTGAGATAGGAAGAGCACACGTCTGAACTCCAG;CGGTGGTAGATCGGAAGAGCACACGTCTGAACTCCAGTCACTGACCAATC;CGTATGCCGTCTTTTGCTTGAGATCGGAAGAGCACACGTCTGAACTCCAG;CGTATGCCGTCTTCTGCTTGAGAAAGGAAGAGCACACGTCTGAACTCCAG;GAAGAGCACACGTCTGAACTCCAGTCACTGACCAATCTCGTATGCCGTCT;GATCGGAAGAGCACACGTCTGAACTCCAGTCACTGACCAAACTCGTATGC;CGTATGCCGTCTTCTGCTTGAAAAAAGAAGAGCACACGTCTGAACTCCAG;GATCGGAGAGCACACGTCTGAACTCCAGTCACTGACCAATCTCGTATGCC;CGTATGCCGTCTTCTGCTTGAGAAAAGAAGAGCACACGTCTGAACTCCAG;GATCGGAAGAGCACACGTCTGAACTCCAGTCACTGACCAATCTCGCATGC;GATCGGAAGAGCACACGTCTGAACTTCAGTCACTGACCAATCTCGTATGC;CGTATGCTGTCTTCTGCTTGAGATCGGAAGAGCACACGTCTGAACTCCAG;GATCGGAAGAGCACACGTCTGAACTCCAGTCACTGACCAATCTCGGATGC,20,CAAGCAGAAGACGGCATACGAGATTGGAAGAGCGTCGTGTAGGGAAAGAG;AGATCGGAAGAGCGTCGTGTAGGGAAAGAGTGTAGATCTCGGTGGTCGCC;CAAGCAGAAGACGGCATACGAGATTGGTCAGTGACTGGAGTTCAGACGTG;GATCGGAAGAGCGTCGTGTAGGGAAAGAGTGTAGATCTCGGTGGTCGCCG;CAAGCAGAAGACGGCATACGAGATTGGAAGAGCGTCGTGGAGGGAAAGAG;CAAGCAGAAGACGGCATACGAGATTGGAAAAGCGTCGTGTAGGGAAAGAG;CAAGCAGAAGACGGCATACGAGATTGGTAGAGCGTCGTGTAGGGAAAGAG;AGAGCACACGTCTGAACTCCAAGCAGAAGACGGCATACGAGATTGGTCAG,20,50
SRR1013863,SRR1013863_1_trim.fastq.gz,SRR1013863_2_trim.fastq.gz,GSE51497,LREX,AR_with_DHT_treatment,1,,true,noMerge,SRR1013870,33,GATCGGAAGAGCACACGTCTGAACTCCAGTCACTGACCAATCTCGTATGC;CGTATGCCGTCTTCTGCTTGAGATCGGAAGAGCACACGTCTGAACTCCAG;AGATCGGAAGAGCACACGTCTGAACTCCAGTCACTGACCAATCTCGTATG;AGAGCACACGTCTGAACTCCAGTCACTGACCAATCTCGTATGCCGTCTTC;AGCACACGTCTGAACTCCAGTCACTGACCAATCTCGTATGCCGTCTTCTG;CACACGTCTGAACTCCAGTCACTGACCAATCTCGTATGCCGTCTTCTGCT;AAGAGCACACGTCTGAACTCCAGTCACTGACCAATCTCGTATGCCGTCTT;GATCGGAAGAGCACACGTCTGAACTCCAGTCACTGACCAATATCGTATGC;ACACGTCTGAACTCCAGTCACTGACCAATCTCGTATGCCGTCTTCTGCTT;GCACACGTCTGAACTCCAGTCACTGACCAATCTCGTATGCCGTCTTCTGC;CGTATGCCGTCTTCTGCTTGAGATAGGAAGAGCACACGTCTGAACTCCAG;CGTATGCCGTCTTCTGCTTGAGAACGGAAGAGCACACGTCTGAACTCCAG;GATTGGAAGAGCACACGTCTGAACTCCAGTCACTGACCAATCTCGTATGC;CGGTGGTAGATCGGAAGAGCACACGTCTGAACTCCAGTCACTGACCAATC;CGTATGCCGTCTTTTGCTTGAGATCGGAAGAGCACACGTCTGAACTCCAG;GAAGAGCACACGTCTGAACTCCAGTCACTGACCAATCTCGTATGCCGTCT;CGTATGCCGTCTTCTGCTTGAAAAAAGAAGAGCACACGTCTGAACTCCAG;GATCGGAGAGCACACGTCTGAACTCCAGTCACTGACCAATCTCGTATGCC;CGTATGCCGTCTTCTGCTTGAGAAAGGAAGAGCACACGTCTGAACTCCAG;GATCGGAAGAGCACACGTCTGAACTCCAGTCACTGACCAATCTCGCATGC;GTTCGGAAGAGCACACGTCTGAACTCCAGTCACTGACCAATCTCGTATGC;GGTCGGAAGAGCACACGTCTGAACTCCAGTCACTGACCAATCTCGTATGC;GATCGGAAGAGCACACGTCTGAACTCCAGTCACTGACCAATCTCGGATGC;CGTATGCCGTCTTCTGCTTGAGAAAAGAAGAGCACACGTCTGAACTCCAG;GATCGGAAGAGCACACGTCTGAACTTCAGTCACTGACCAATCTCGTATGC;CGTATGCCGTCTTCTGCTTGAGATCAGAAGAGCACACGTCTGAACTCCAG;CGTATGCTGTCTTCTGCTTGAGATCGGAAGAGCACACGTCTGAACTCCAG;CACGTCTGAACTCCAGTCACTGACCAATCTCGTATGCCGTCTTCTGCTTG,20,CAAGCAGAAGACGGCATACGAGATTGGAAGAGCGTCGTGTAGGGAAAGAG;AGATCGGAAGAGCGTCGTGTAGGGAAAGAGTGTAGATCTCGGTGGTCGCC;CAAGCAGAAGACGGCATACGAGATTGGTCAGTGACTGGAGTTCAGACGTG;CAAGCAGAAGACGGCATACGAGATTGGAAGAGCGTCGGGTAGGGAAAGAG;GATCGGAAGAGCGTCGTGTAGGGAAAGAGTGTAGATCTCGGTGGTCGCCG;CAAGCAGAAGACGGCATACGAGATTGGAAGAGCGTCGTGGAGGGAAAGAG;CAAGCAGAAGACGGCATACGAGATTGGAAAAGCGTCGTGTAGGGAAAGAG;AGAGCACACGTCTGAACTCCAAGCAGAAGACGGCATACGAGATTGGTCAG;CCGAGATCGGAAGAGCGTCGTGTAGGGAAAGAGTGTAGATCTCGGAGATC;CAAGCAGAAGACGGCATACGAGATTGGTAGAGCGTCGTGTAGGGAAAGAG;CAAGCAGAAGACGGCATACGAGATTGGAAGAGCGTCGGGGAGGGAAAGAG;AGATCGGAAGAGCGTCGTGTAGGGAAAGAGGGTAGATCTCGGTGGTCGCC;ACCACCGAGATCGGAAGAGCGTCGTGTAGGGAAAGAGTGTAGATCTCGGT,20,50
SRR1013864,SRR1013864_1_trim.fastq.gz,SRR1013864_2_trim.fastq.gz,GSE51497,LREX,AR_with_DHT_treatment,1,,true,noMerge,SRR1013870,33,GATCGGAAGAGCACACGTCTGAACTCCAGTCACTGACCAATCTCGTATGC;CGTATGCCGTCTTCTGCTTGAGATCGGAAGAGCACACGTCTGAACTCCAG;AGATCGGAAGAGCACACGTCTGAACTCCAGTCACTGACCAATCTCGTATG;AGAGCACACGTCTGAACTCCAGTCACTGACCAATCTCGTATGCCGTCTTC;AGCACACGTCTGAACTCCAGTCACTGACCAATCTCGTATGCCGTCTTCTG;CACACGTCTGAACTCCAGTCACTGACCAATCTCGTATGCCGTCTTCTGCT;AAGAGCACACGTCTGAACTCCAGTCACTGACCAATCTCGTATGCCGTCTT;GATCGGAAGAGCACACGTCTGAACTCCAGTCACTGACCAATATCGTATGC;ACACGTCTGAACTCCAGTCACTGACCAATCTCGTATGCCGTCTTCTGCTT;GCACACGTCTGAACTCCAGTCACTGACCAATCTCGTATGCCGTCTTCTGC;CGTATGCCGTCTTCTGCTTGAGATAGGAAGAGCACACGTCTGAACTCCAG;GATTGGAAGAGCACACGTCTGAACTCCAGTCACTGACCAATCTCGTATGC;CGTATGCCGTCTTCTGCTTGAGAACGGAAGAGCACACGTCTGAACTCCAG;CGGTGGTAGATCGGAAGAGCACACGTCTGAACTCCAGTCACTGACCAATC;CGTATGCCGTCTTTTGCTTGAGATCGGAAGAGCACACGTCTGAACTCCAG;GAAGAGCACACGTCTGAACTCCAGTCACTGACCAATCTCGTATGCCGTCT;CGTATGCCGTCTTCTGCTTGAGAAAGGAAGAGCACACGTCTGAACTCCAG;GATCGGAGAGCACACGTCTGAACTCCAGTCACTGACCAATCTCGTATGCC;CACGTCTGAACTCCAGTCACTGACCAATCTCGTATGCCGTCTTCTGCTTG;GATCGGAAGAGCACACGTCTGAACTTCAGTCACTGACCAATCTCGTATGC;CGTATGCCGTCTTCTGCTTGAGAAAAGAAGAGCACACGTCTGAACTCCAG;GATCGGAAGAGCACACGTCTGAACTCCAGTCACTGACCAATCTCGCATGC;GATCGGAAGAGCACACGTCTGAACTCCAGTCACTGACCAAACTCGTATGC;CGTATGCCGTCTTCTGCTTGAGATCAGAAGAGCACACGTCTGAACTCCAG,20,CAAGCAGAAGACGGCATACGAGATTGGAAGAGCGTCGTGTAGGGAAAGAG;AGATCGGAAGAGCGTCGTGTAGGGAAAGAGTGTAGATCTCGGTGGTCGCC;CAAGCAGAAGACGGCATACGAGATTGGTCAGTGACTGGAGTTCAGACGTG;GATCGGAAGAGCGTCGTGTAGGGAAAGAGTGTAGATCTCGGTGGTCGCCG;CAAGCAGAAGACGGCATACGAGATTGGAAGAGCGTCGGGTAGGGAAAGAG;CAAGCAGAAGACGGCATACGAGATTGGAAGAGCGTCGTGGAGGGAAAGAG;CAAGCAGAAGACGGCATACGAGATTGGAAAAGCGTCGTGTAGGGAAAGAG;AGAGCACACGTCTGAACTCCAAGCAGAAGACGGCATACGAGATTGGTCAG;CCGAGATCGGAAGAGCGTCGTGTAGGGAAAGAGTGTAGATCTCGGAGATC;AGATCGGAAGAGCGTCGTGTAGGGAAAGAGGGTAGATCTCGGTGGTCGCC;CAAGCAGAAGACGGCATACGAGATTGGTAGAGCGTCGTGTAGGGAAAGAG;ACCACCGAGATCGGAAGAGCGTCGTGTAGGGAAAGAGTGTAGATCTCGGT;CAAGCAGAAGACGGCATACGAGATTGGAAGAGCGTCGGGGAGGGAAAGAG,20,50
SRR1013865,SRR1013865_1_trim.fastq.gz,SRR1013865_2_trim.fastq.gz,GSE51497,LREX,GR_Input_N,1,,true,,,33,AGATCGGAAGAGCACACGTCTGAACTCCAGTCACAGTCAACAATCTCGTA,20,AGATCGGAAGAGCGTCGTGTAGGGAAAGAGTGTAGATCTCGGTGGTCGCC,20,50
SRR1013866,SRR1013866_1_trim.fastq.gz,SRR1013866_2_trim.fastq.gz,GSE51497,LREX,GR_Input_N,1,,true,,,33,AGATCGGAAGAGCACACGTCTGAACTCCAGTCACAGTCAACAATCTCGTA,20,AGATCGGAAGAGCGTCGTGTAGGGAAAGAGTGTAGATCTCGGTGGTCGCC,20,50
SRR1013867,SRR1013867_1_trim.fastq.gz,SRR1013867_2_trim.fastq.gz,GSE51497,LREX,GR_Input_N,1,SRR1013867;SRR1013865;SRR1013866,true,,,33,AGATCGGAAGAGCACACGTCTGAACTCCAGTCACAGTCAACAATCTCGTA,20,AGATCGGAAGAGCGTCGTGTAGGGAAAGAGTGTAGATCTCGGTGGTCGCC,20,50
SRR1013868,SRR1013868_1_trim.fastq.gz,SRR1013868_2_trim.fastq.gz,GSE51497,LREX,AR_Input_N,1,,true,,,33,GATCGGAAGAGCACACGTCTGAACTCCAGTCACGCCAATATCTCGTATGC;AGATCGGAAGAGCACACGTCTGAACTCCAGTCACGCCAATATCTCGTATG;CGGTGGTAGATCGGAAGAGCACACGTCTGAACTCCAGTCACGCCAATATC;AGAGCACACGTCTGAACTCCAGTCACGCCAATATCTCGTATGCCGTCTTC,20,AGATCGGAAGAGCGTCGTGTAGGGAAAGAGTGTAGATCTCGGTGGTCGCC;CCGAGATCGGAAGAGCGTCGTGTAGGGAAAGAGTGTAGATCTCGGAGATC,20,50
SRR1013869,SRR1013869_1_trim.fastq.gz,SRR1013869_2_trim.fastq.gz,GSE51497,LREX,AR_Input_N,1,,true,,,33,GATCGGAAGAGCACACGTCTGAACTCCAGTCACGCCAATATCTCGTATGC;AGATCGGAAGAGCACACGTCTGAACTCCAGTCACGCCAATATCTCGTATG;CGGTGGTAGATCGGAAGAGCACACGTCTGAACTCCAGTCACGCCAATATC;AGAGCACACGTCTGAACTCCAGTCACGCCAATATCTCGTATGCCGTCTTC,20,AGATCGGAAGAGCGTCGTGTAGGGAAAGAGTGTAGATCTCGGTGGTCGCC;CCGAGATCGGAAGAGCGTCGTGTAGGGAAAGAGTGTAGATCTCGGAGATC;ACCACCGAGATCGGAAGAGCGTCGTGTAGGGAAAGAGTGTAGATCTCGGT,20,50
SRR1013870,SRR1013870_1_trim.fastq.gz,SRR1013870_2_trim.fastq.gz,GSE51497,LREX,AR_Input_N,1,SRR1013870;SRR1013868;SRR1013869,true,,,33,GATCGGAAGAGCACACGTCTGAACTCCAGTCACGCCAATATCTCGTATGC;AGATCGGAAGAGCACACGTCTGAACTCCAGTCACGCCAATATCTCGTATG;CGGTGGTAGATCGGAAGAGCACACGTCTGAACTCCAGTCACGCCAATATC;AGAGCACACGTCTGAACTCCAGTCACGCCAATATCTCGTATGCCGTCTTC,20,AGATCGGAAGAGCGTCGTGTAGGGAAAGAGTGTAGATCTCGGTGGTCGCC;CCGAGATCGGAAGAGCGTCGTGTAGGGAAAGAGTGTAGATCTCGGAGATC;ACCACCGAGATCGGAAGAGCGTCGTGTAGGGAAAGAGTGTAGATCTCGGT,20,50
SRR1038377,SRR1038377_trim.fastq.gz,,GSE52725,LNCaP,siControl_AR_ChIP_Seq,1,SRR1038377;SRR1038378,false,noInput,,33,,20,,,50
SRR1038378,SRR1038378_trim.fastq.gz,,GSE52725,LNCaP,siControl_AR_ChIP_Seq,1,,false,noInput,,33,GATCGGAAGAGCACACGTCTGAACTCCAGTCACACTTGAATCTCGTATGC,20,,,50
SRR1038379,SRR1038379_trim.fastq.gz,,GSE52725,LNCaP,siGATA2_AR_ChIP_Seq,1,,false,noInput,,33,,20,,,50
SRR1038380,SRR1038380_trim.fastq.gz,,GSE52725,LNCaP,siGATA2_AR_ChIP_Seq,1,SRR1038380;SRR1038379,false,noInput,,33,,20,,,50
SRR1118382,SRR1118382_trim.fastq.gz,,GSE54109,HEK293,HEK293_wtAR_EtOH,1,None,false,noInput,,33,,20,,,49
SRR1118383,SRR1118383_trim.fastq.gz,,GSE54109,HEK293,HEK293_wtAR_R1881_rep,1,None,false,noInput,,33,,20,,,49
SRR1118384,SRR1118384_trim.fastq.gz,,GSE54109,HEK293,HEK293_wtAR_R1881_rep,2,None,false,noInput,,33,,20,,,49
SRR1118385,SRR1118385_trim.fastq.gz,,GSE54109,HEK293,HEK293_AR_K2R_EtOH,1,None,false,noInput,,33,,20,,,49
SRR1118386,SRR1118386_trim.fastq.gz,,GSE54109,HEK293,HEK293_AR_K2R_R1881_rep,1,None,false,noInput,,33,,20,,,49
SRR1118387,SRR1118387_trim.fastq.gz,,GSE54109,HEK293,HEK293_AR_K2R_R1881_rep,2,None,false,noInput,,33,,20,,,49
SRR1118388,SRR1118388_trim.fastq.gz,,GSE54110,PC3,PC3_wtAR_INPUT,1,None,false,,,33,,20,,,50
SRR1118389,SRR1118389_trim.fastq.gz,,GSE54110,PC3,PC3_wtAR_EtOH,1,None,false,noMerge,SRR1118388,33,GATCGGAAGAGCGGTTCAGCAGGAATGCCGAGACCGATCTCGTATGCCGTC,20,,,51
SRR1118390,SRR1118390_trim.fastq.gz,,GSE54110,PC3,PC3_wtAR_R1881_rep,1,None,false,noMerge,SRR1118388,33,GATCGGAAGAGCGGTTCAGCAGGAATGCCGAGACCGATCTCGTATGCCGT;CGGTTCAGCAGGAATGCCGAGATCGGAAGAGCGGTTCAGCAGGAATGCCG,20,,,50
SRR1118391,SRR1118391_trim.fastq.gz,,GSE54110,PC3,PC3_wtAR_R1881_rep,2,None,false,noMerge,SRR1118388,33,GATCGGAAGAGCGGTTCAGCAGGAATGCCGAGACCGATCTCGTATGCCGTCTTCTGCTT,20,,,59
SRR1118392,SRR1118392_trim.fastq.gz,,GSE54110,PC3,PC3_AR_K2R_INPUT,1,None,false,,,33,GATCGGAAGAGCGGTTCAGCAGGAATGCCGAGACCGATCTCGTATGCCGTCTTCTGCTT,20,,,59
SRR1118393,SRR1118393_trim.fastq.gz,,GSE54110,PC3,PC3_AR_K2R_EtOH,1,None,false,noMerge,SRR1118392,33,GATCGGAAGAGCGGTTCAGCAGGAATGCCGAGACCGATCTCGTATGCCGT;CGGTTCAGCAGGAATGCCGAGATCGGAAGAGCGGTTCAGCAGGAATGCCG,20,,,50
SRR1118394,SRR1118394_trim.fastq.gz,,GSE54110,PC3,PC3_AR_K2R_R1881_rep,1,None,false,noMerge,SRR1118392,33,GATCGGAAGAGCGGTTCAGCAGGAATGCCGAGACCGATCTCGTATGCCGT,20,,,50
SRR1118395,SRR1118395_trim.fastq.gz,,GSE54110,PC3,PC3_AR_K2R_R1881_rep,2,None,false,noMerge,SRR1118392,33,GATCGGAAGAGCGGTTCAGCAGGAATGCCGAGACCGATCTCGTATGCCGTCTTCTGCTT,20,,,59
SRR1168780,SRR1168780_trim.fastq.gz,,GSE37345,LNCaP,AR_ChIP_seq_shCtrl_R1881,1,SRR1168780;SRR1168781,false,noMerge,SRR1168784,33,GATCGGAAGAGCACACGTCTGAACTCCAGTCACGGCTACATCTCGTATGC;AGATCGGAAGAGCACACGTCTGAACTCCAGTCACGGCTACATCTCGTATG;ACTCCAGTCACGTAGAGATCTCGTATGCCGTCTTCTGCTTGAAAAAAAAA,20,,,50
SRR1168781,SRR1168781_trim.fastq.gz,,GSE37345,LNCaP,AR_ChIP_seq_shCtrl_R1881,1,,false,noMerge,SRR1168784,33,GATCGGAAGAGCACACGTCTGAACTCCAGTCACGGCTACATCTCGTATGC;AGATCGGAAGAGCACACGTCTGAACTCCAGTCACGGCTACATCTCGTATG;ACTCCAGTCACGTAGAGATCTCGTATGCCGTCTTCTGCTTGAAAAAAAAA,20,,,50
SRR1168782,SRR1168782_trim.fastq.gz,,GSE37345,LNCaP,AR_ChIP_seq_shFoxA1_R1881,1,SRR1168782;SRR1168783,false,noMerge,SRR1168784,33,AGATCGGAAGAGCACACGTCTGAACTCCAGTCACAGTCAAATCTCGTATG;GATCGGAAGAGCACACGTCTGAACTCCAGTCACAGTCAAATCTCGTATGC;ACTCCAGTCACGTAGAGATCTCGTATGCCGTCTTCTGCTTGAAAAAAAAA,20,,,50
SRR1168783,SRR1168783_trim.fastq.gz,,GSE37345,LNCaP,AR_ChIP_seq_shFoxA1_R1881,1,,false,noMerge,SRR1168784,33,AGATCGGAAGAGCACACGTCTGAACTCCAGTCACAGTCAAATCTCGTATG;GATCGGAAGAGCACACGTCTGAACTCCAGTCACAGTCAAATCTCGTATGC;ACTCCAGTCACGTAGAGATCTCGTATGCCGTCTTCTGCTTGAAAAAAAAA,20,,,50
SRR1168784,SRR1168784_trim.fastq.gz,,GSE37345,LNCaP,LNCaP_Input,1,SRR1168784;SRR1168785,false,,,33,AGATCGGAAGAGCACACGTCTGAACTCCAGTCACTAGCTTATCTCGTATG;GATCGGAAGAGCACACGTCTGAACTCCAGTCACTAGCTTATCTCGTATGC;ACTCCAGTCACGTAGAGATCTCGTATGCCGTCTTCTGCTTGAAAAAAAAA,20,,,50
SRR1168785,SRR1168785_trim.fastq.gz,,GSE37345,LNCaP,LNCaP_Input,1,,false,,,33,AGATCGGAAGAGCACACGTCTGAACTCCAGTCACTAGCTTATCTCGTATG;GATCGGAAGAGCACACGTCTGAACTCCAGTCACTAGCTTATCTCGTATGC;ACTCCAGTCACGTAGAGATCTCGTATGCCGTCTTCTGCTTGAAAAAAAAA,20,,,50
SRR1170704,SRR1170704_1_trim.fastq.gz,SRR1170704_2_trim.fastq.gz,GSE55062,VCaP,AR_vehicle_control__exp2,1,None,true,noMerge,SRR1170738,33,GATCGGAAGAGCACACGTCTGAACTCCAGTCACATCACGATCTCGTATGC,20,,20,101
SRR1170705,SRR1170705_1_trim.fastq.gz,SRR1170705_2_trim.fastq.gz,GSE55062,VCaP,AR_vehicle_control__exp2,2,None,true,noMerge,SRR1170738,33,GATCGGAAGAGCACACGTCTGAACTCCAGTCACATCACGATCTCGTATGC;GATCGGAAGAGCACACGTCTGAACTCCAGTCACATCACGATATCGTATGC,20,,20,111
SRR1170706,SRR1170706_1_trim.fastq.gz,SRR1170706_2_trim.fastq.gz,GSE55062,VCaP,AR_DHT_exp,1,None,true,noMerge,SRR1170738,33,,20,,20,101
SRR1170707,SRR1170707_1_trim.fastq.gz,SRR1170707_2_trim.fastq.gz,GSE55062,VCaP,AR_DHT_exp,2,None,true,noMerge,SRR1170738,33,GATCGGAAGAGCACACGTCTGAACTCCAGTCACCGATGTATCTCGTATGC,20,,20,111
SRR1170708,SRR1170708_1_trim.fastq.gz,SRR1170708_2_trim.fastq.gz,GSE55062,VCaP,AR_JQ1_DHT_exp,1,None,true,noMerge,SRR1170738,33,GATCGGAAGAGCACACGTCTGAACTCCAGTCACTGACCAATCTCGTATGC,20,,20,101
SRR1170709,SRR1170709_1_trim.fastq.gz,SRR1170709_2_trim.fastq.gz,GSE55062,VCaP,AR_JQ1_DHT_exp,2,None,true,noMerge,SRR1170738,33,GATCGGAAGAGCACACGTCTGAACTCCAGTCACTGACCAATCTCGTATGC,20,,20,111
SRR1170710,SRR1170710_1_trim.fastq.gz,SRR1170710_2_trim.fastq.gz,GSE55062,VCaP,AR_MDV3100_DHT_exp,1,None,true,noMerge,SRR1170738,33,,20,,20,101
SRR1170711,SRR1170711_1_trim.fastq.gz,SRR1170711_2_trim.fastq.gz,GSE55062,VCaP,AR_MDV3100_DHT_exp,2,None,true,noMerge,SRR1170738,33,GATCGGAAGAGCACACGTCTGAACTCCAGTCACACAGTGATCTCGTATGC;GATCGGAAGAGCACACGTCTGAACTCCAGTCACACAGTGATATCGTATGC,20,,20,111
SRR1170712,SRR1170712_1_trim.fastq.gz,SRR1170712_2_trim.fastq.gz,GSE55062,VCaP,AR_Bicalutamide_DHT_exp,1,None,true,noMerge,SRR1170738,33,,20,,20,101
SRR1170713,SRR1170713_1_trim.fastq.gz,SRR1170713_2_trim.fastq.gz,GSE55062,VCaP,AR_Bicalutamide_DHT_exp,2,None,true,noMerge,SRR1170738,33,GATCGGAAGAGCACACGTCTGAACTCCAGTCACGCCAATATCTCGTATGC,20,,20,111
SRR1170738,SRR1170738_1_trim.fastq.gz,SRR1170738_2_trim.fastq.gz,GSE55062,VCaP,IgG,1,None,true,,,33,GATCGGAAGAGCACACGTCTGAACTCCAGTCACCAGATCATCTCGTATGC,20,,20,101
SRR1200838,SRR1200838_trim.fastq.gz,,GSE56086,VCaP,VCaP_IgG,1,None,false,,,33,GAAGAGCTCGTATGCCGTCTTCTGCTTGAAAAAAAA;CGGAAGAGCTCGTATGCCGTCTTCTGCTTGAAAAAA;GATCGGAAGAGCTCGTATGCCGTCTTCTGCTTGAAA,20,,,36
SRR1200839,SRR1200839_trim.fastq.gz,,GSE56086,VCaP,VCaP_AR_R1881,1,None,false,noMerge,SRR1200838,33,CGGAAGAGCTCGTATGCCGTCTTCTGCTTGAAAAAA;GAAGAGCTCGTATGCCGTCTTCTGCTTGAAAAAAAA;GATCGGAAGAGCTCGTATGCCGTCTTCTGCTTGAAA,20,,,36
SRR1200840,SRR1200840_trim.fastq.gz,,GSE56086,VCaP,VCaP_AR_R1881,2,None,false,noMerge,SRR1200838,33,CGGAAGAGCTCGTATGCCGTCTTCTGCTTGAAAAAA,20,,,36
SRR1206250,SRR1206250_trim.fastq.gz,,GSE56288,Normal,Patient_prostate_normal_tissue,1,None,false,noInput,,33,,20,,,50
SRR1206251,SRR1206251_trim.fastq.gz,,GSE56288,Tumour,Patient_prostate_normal_tissue,8,None,false,noInput,,33,,20,,,50
SRR1206252,SRR1206252_trim.fastq.gz,,GSE56288,Normal,Patient_prostate_normal_tissue,2,None,false,noInput,,33,,20,,,50
SRR1206253,SRR1206253_trim.fastq.gz,,GSE56288,Tumour,Patient_AR_prostate_tumor_tissue,1,None,false,noInput,,33,,20,,,50
SRR1206254,SRR1206254_trim.fastq.gz,,GSE56288,Normal,Patient_prostate_normal_tissue,3,None,false,noInput,,33,AGATCGGAAGAGCACACGTCTGAACTCCAGTCACATCACGATCTCGTATG;AGATCGGAAGAGCACACGTCTGAACTCCAGTCACATCACGATATCGTATG,20,,,50
SRR1206255,SRR1206255_trim.fastq.gz,,GSE56288,Tumour,Patient_AR_prostate_tumor_tissue,2,None,false,noInput,,33,,20,,,50
SRR1206256,SRR1206256_trim.fastq.gz,,GSE56288,Normal,Patient_prostate_normal_tissue,4,None,false,noInput,,33,AGATCGGAAGAGCACACGTCTGAACTCCAGTCACACTTGAATCTCGTATG,20,,,50
SRR1206257,SRR1206257_trim.fastq.gz,,GSE56288,Normal,Patient_prostate_normal_tissue,5,None,false,noInput,,33,AGATCGGAAGAGCACACGTCTGAACTCCAGTCACACTTGAATCTCGTATG,20,,,50
SRR1206258,SRR1206258_trim.fastq.gz,,GSE56288,Tumour,Patient_AR_prostate_tumor_tissue,3,None,false,noInput,,33,,20,,,50
SRR1206259,SRR1206259_trim_trim.fastq.gz,,GSE56288,Tumour,Patient_AR_prostate_tumor_tissue,4,None,false,noInput,,33,,20,,,50
SRR1206260,SRR1206260_trim.fastq.gz,,GSE56288,Normal,Patient_prostate_normal_tissue,6,None,false,noInput,,33,,20,,,50
SRR1206261,SRR1206261_trim.fastq.gz,,GSE56288,Tumour,Patient_AR_prostate_tumor_tissue,5,None,false,noInput,,33,,20,,,50
SRR1206262,SRR1206262_trim.fastq.gz,,GSE56288,Tumour,Patient_AR_prostate_tumor_tissue,6,None,false,noInput,,33,AGATCGGAAGAGCACACGTCTGAACTCCAGTCACGATCAGATCTCGTATG,20,,,50
SRR1206263,SRR1206263_trim.fastq.gz,,GSE56288,Tumour,Patient_AR_prostate_tumor_tissue,7,None,false,noInput,,33,,20,,,50
SRR1206264,SRR1206264_trim.fastq.gz,,GSE56288,Normal,Patient_prostate_normal_tissue,7,None,false,noInput,,33,,20,,,50
SRR1206265,SRR1206265_trim.fastq.gz,,GSE56288,Tumour,Patient_AR_prostate_tumor_tissue,8,None,false,noInput,,33,,20,,,50
SRR1206266,SRR1206266_trim_trim.fastq.gz,,GSE56288,Tumour,Patient_AR_prostate_tumor_tissue,9,None,false,noInput,,33,,20,,,50
SRR1206267,SRR1206267_trim.fastq.gz,,GSE56288,Tumour,Patient_AR_prostate_tumor_tissue,10,None,false,noInput,,33,AGATCGGAAGAGCACACGTCTGAACTCCAGTCACCGATGTATCTCGTATG,20,,,50
SRR1206268,SRR1206268_trim.fastq.gz,,GSE56288,Tumour,Patient_AR_prostate_tumor_tissue,11,None,false,noInput,,33,,20,,,50
SRR1206269,SRR1206269_trim.fastq.gz,,GSE56288,Tumour,Patient_AR_prostate_tumor_tissue,12,None,false,noInput,,33,,20,,,50
SRR1390651,SRR1390651_trim.fastq.gz,,GSE58428,LNCaP,lncap_1h_input,1,None,false,,,33,,20,,,51
SRR1390652,SRR1390652_trim.fastq.gz,,GSE58428,LNCaP,lncap_24h_input,1,None,false,,,33,,20,,,51
SRR1390653,SRR1390653_trim.fastq.gz,,GSE58428,VCaP,vcap_dht10nM_24h_AR,1,None,false,mergeInput,SRR1390654;SRR1390671,33,,20,,,51
SRR1390654,SRR1390654_trim.fastq.gz,,GSE58428,VCaP,vcap_24h_input_DHT,1,None,false,,,33,,20,,,51
SRR1390657,SRR1390657_trim.fastq.gz,,GSE58428,VCaP,vcap_siFOXA1_dht10nM_24h_AR,1,None,false,mergeInput,SRR1390654;SRR1390671,33,,20,,,51
SRR1390658,SRR1390658_trim.fastq.gz,,GSE58428,VCaP,vcap_siFOXP1_dht10nM_24h_AR,1,None,false,mergeInput,SRR1390654;SRR1390671,33,,20,,,51
SRR1390659,SRR1390659_trim.fastq.gz,,GSE58428,VCaP,vcap_siRUNX1_dht10nM_24h_AR,1,None,false,mergeInput,SRR1390654;SRR1390671,33,,20,,,51
SRR1390662,SRR1390662_trim.fastq.gz,,GSE58428,VCaP,vcap_24h_input_Et,1,None,false,,,33,,20,,,51
SRR1390664,SRR1390664_trim.fastq.gz,,GSE58428,LNCaP,lncap_24h_input,2,None,false,,,33,,20,,,36
SRR1390667,SRR1390667_trim.fastq.gz,,GSE58428,LNCaP,lncap_dht10nM_24h_AR,1,None,false,mergeInput,SRR1390652;SRR1390664;SRR1390668;SRR1390676,33,,20,,,36
SRR1390668,SRR1390668_trim.fastq.gz,,GSE58428,LNCaP,lncap_24h_input,3,None,false,,,33,,20,,,36
SRR1390669,SRR1390669_trim.fastq.gz,,GSE58428,VCaP,vcap_DHT_10nM_24h_AR_2,1,None,false,mergeInput,SRR1390654;SRR1390671,33,,20,,,36
SRR1390670,SRR1390670_trim.fastq.gz,,GSE58428,VCaP,vcap_Ethanol_10nM_24h_AR,1,None,false,noMerge,SRR1390662,33,,20,,,36
SRR1390671,SRR1390671_trim.fastq.gz,,GSE58428,VCaP,vcap_24h_input_DHT,2,None,false,,,33,,20,,,36
SRR1390672,SRR1390672_trim.fastq.gz,,GSE58428,LNCaP,lncap_dht10nM_24h_AR,2,None,false,mergeInput,SRR1390652;SRR1390664;SRR1390668;SRR1390676,33,,20,,,36
SRR1390675,SRR1390675_trim.fastq.gz,,GSE58428,LNCaP,lncap_siFOXA1_dht10nM_24h_AR,1,None,false,mergeInput,SRR1390652;SRR1390664;SRR1390668;SRR1390676,33,,20,,,36
SRR1390676,SRR1390676_trim.fastq.gz,,GSE58428,LNCaP,lncap_24h_input,4,None,false,,,33,,20,,,36
SRR1392770,SRR1392770_1_trim.fastq.gz,SRR1392770_2_trim.fastq.gz,GSE58478,22Rv1,22Rv1_ARFL_plus_ARVs_plus_control,1,None,true,noMerge,SRR1392773,33,,20,,20,51
SRR1392771,SRR1392771_1_trim.fastq.gz,SRR1392771_2_trim.fastq.gz,GSE58478,22Rv1,22Rv1_ARFL_minus_ARVs_plus,1,None,true,noMerge,SRR1392773,33,,20,,20,51
SRR1392772,SRR1392772_1_trim.fastq.gz,SRR1392772_2_trim.fastq.gz,GSE58478,22Rv1,22Rv1_ARFL_minus_ARVs_minus,1,None,true,noMerge,SRR1392773,33,,20,,20,51
SRR1392773,SRR1392773_1_trim.fastq.gz,SRR1392773_2_trim.fastq.gz,GSE58478,22Rv1,22Rv1_input,1,None,true,,,33,,20,,20,51
SRR1534501,SRR1534501_trim.fastq.gz,,GSE56086,VCaP,VcaP_AR_siPIAS1_R1881_rep,1,None,false,noMerge,SRR1200838,33,GATCGGAAGAGCACACGTCTGAACTCCAGTCACGCCAATATCTCGTATGC;GATCGGAAGAGCACACGTCTGAACTCCAGTCACCCCAATATCTCGTATGC,20,,,50
SRR1534502,SRR1534502_trim.fastq.gz,,GSE56086,VCaP,VcaP_AR_siPIAS1_R1881_rep,2,None,false,noMerge,SRR1200838,33,GATCGGAAGAGCACACGTCTGAACTCCAGTCACCAGATCATCTCGTATGC,20,,,50
SRR1571998,SRR1571998_trim.fastq.gz,,GSE61268,LNCaP,AR_ChIP_seq_CTRL_EtOH,1,None,false,noMerge,SRR1572006,33,GATCGGAAGAGCACACGTCTGAACTCCAGTCACCGATGTATCTCGTATGCCGTCTTCTG;ATCGGAAGAGCACACGTCTGAACTCCAGTCACCGATGTATCTCGTATGCCGTCTTCTGC;AGCGGAAGAGCACACGTCTGAACTCCAGTCACCGATGTATCTCGTATGCCGTCTTCTGC;CTCGGAAGAGCACACGTCTGAACTCCAGTCACCGATGTATCTCGTATGCCGTCTTCTGC,20,,,59
SRR1571999,SRR1571999_trim.fastq.gz,,GSE61268,LNCaP,AR_ChIP_seq_CTRL_R1881,1,None,false,noMerge,SRR1572006,33,ATCGGAAGAGCACACGTCTGAACTCCAGTCACACAGTGATCTCGTATGCCGTCTTCTGC;GATCGGAAGAGCACACGTCTGAACTCCAGTCACACAGTGATCTCGTATGCCGTCTTCTG,20,,,59
SRR1572000,SRR1572000_trim.fastq.gz,,GSE61268,LNCaP,AR_ChIP_seq_HOTAIR_EtOH,1,None,false,noMerge,SRR1572006,33,GATCGGAAGAGCACACGTCTGAACTCCAGTCACCAGATCATCTCGTATGCCGTCTTCTG;ATCGGAAGAGCACACGTCTGAACTCCAGTCACCAGATCATCTCGTATGCCGTCTTCTGC,20,,,59
SRR1572001,SRR1572001_trim.fastq.gz,,GSE61268,LNCaP,AR_ChIP_seq_HOTAIR_R1881,1,None,false,noMerge,SRR1572006,33,GATCGGAAGAGCACACGTCTGAACTCCAGTCACATCACGATCTCGTATGCCGTCTTCTG;ATCGGAAGAGCACACGTCTGAACTCCAGTCACATCACGATCTCGTATGCCGTCTTCTGC;AGCGGAAGAGCACACGTCTGAACTCCAGTCACATCACGATCTCGTATGCCGTCTTCTGC;CTCGGAAGAGCACACGTCTGAACTCCAGTCACATCACGATCTCGTATGCCGTCTTCTGC;GTTCGGAAGAGCACACGTCTGAACTCCAGTCACATCACGATCTCGTATGCCGTCTTCTG;ATAGGAAGAGCACACGTCTGAACTCCAGTCACATCACGATCTCGTATGCCGTCTTCTGC;AACGGAAGAGCACACGTCTGAACTCCAGTCACATCACGATCTCGTATGCCGTCTTCTGC,20,,,59
SRR1572002,SRR1572002_trim.fastq.gz,,GSE61268,LNCaP,AR_ChIP_seq_shCTRL_EtOH,1,None,false,noMerge,SRR1572006,33,AGATCGGAAGAGCACACGTCTGAACTCCAGTCACCAGATCATCTCGTATG;GATCGGAAGAGCACACGTCTGAACTCCAGTCACCAGATCATCTCGTATGC;ACTCCAGTCACGTAGAGATCTCGTATGCCGTCTTCTGCTTGAAAAAAAAA,20,,,50
SRR1572003,SRR1572003_trim.fastq.gz,,GSE61268,LNCaP,AR_ChIP_seq_shCTRL_R1881,1,None,false,noMerge,SRR1572006,33,GATCGGAAGAGCACACGTCTGAACTCCAGTCACCTTGTAATCTCGTATGC;AGATCGGAAGAGCACACGTCTGAACTCCAGTCACCTTGTAATCTCGTATG;ACTCCAGTCACGTAGAGATCTCGTATGCCGTCTTCTGCTTGAAAAAAAAA,20,,,50
SRR1572004,SRR1572004_trim.fastq.gz,,GSE61268,LNCaP,AR_ChIP_seq_shHOTAIR_EtOH,1,None,false,noMerge,SRR1572006,33,GATCGGAAGAGCACACGTCTGAACTCCAGTCACATCACGATCTCGTATGC;AGATCGGAAGAGCACACGTCTGAACTCCAGTCACATCACGATCTCGTATG;ACTCCAGTCACGTAGAGATCTCGTATGCCGTCTTCTGCTTGAAAAAAAAA,20,,,50
SRR1572005,SRR1572005_trim.fastq.gz,,GSE61268,LNCaP,AR_ChIP_seq_shHOTAIR_R1881,1,None,false,noMerge,SRR1572006,33,GATCGGAAGAGCACACGTCTGAACTCCAGTCACTTAGGCATCTCGTATGC;AGATCGGAAGAGCACACGTCTGAACTCCAGTCACTTAGGCATCTCGTATG;ACTCCAGTCACGTAGAGATCTCGTATGCCGTCTTCTGCTTGAAAAAAAAA,20,,,50
SRR1572006,SRR1572006_trim.fastq.gz,,GSE61268,LNCaP,LNCaP_Input,1,None,false,,,33,AGATCGGAAGAGCACACGTCTGAACTCCAGTCACTAGCTTATCTCGTATG;GATCGGAAGAGCACACGTCTGAACTCCAGTCACTAGCTTATCTCGTATGC;ACTCCAGTCACGTAGAGATCTCGTATGCCGTCTTCTGCTTGAAAAAAAAA,20,,,50
SRR1589619,SRR1589619_trim.fastq.gz,,GSE61838,R1-AD1,R1AD1_Eth_AR_rep,1,,false,noInput,,33,,20,,,50
SRR1589620,SRR1589620_trim.fastq.gz,,GSE61838,R1-AD1,R1AD1_Eth_AR_rep,1,SRR1589620;SRR1589619,false,noInput,,33,,20,,,50
SRR1589621,SRR1589621_trim.fastq.gz,,GSE61838,R1-AD1,R1AD1_Eth_AR_rep,2,,false,noInput,,33,,20,,,51
SRR1589622,SRR1589622_trim.fastq.gz,,GSE61838,R1-AD1,R1AD1_Eth_AR_rep,2,SRR1589622;SRR1589621,false,noInput,,33,,20,,,51
SRR1589623,SRR1589623_trim.fastq.gz,,GSE61838,R1-AD1,R1AD1_Eth_AR_rep,3,,false,noInput,,33,,20,,,51
SRR1589624,SRR1589624_trim.fastq.gz,,GSE61838,R1-AD1,R1AD1_Eth_AR_rep,3,SRR1589624;SRR1589623,false,noInput,,33,,20,,,51
SRR1589625,SRR1589625_trim.fastq.gz,,GSE61838,R1-AD1,R1AD1_DHT_AR_rep,1,,false,noInput,,33,,20,,,50
SRR1589626,SRR1589626_trim.fastq.gz,,GSE61838,R1-AD1,R1AD1_DHT_AR_rep,1,SRR1589626;SRR1589625,false,noInput,,33,,20,,,50
SRR1589627,SRR1589627_trim.fastq.gz,,GSE61838,R1-AD1,R1AD1_DHT_AR_rep,2,,false,noInput,,33,,20,,,51
SRR1589628,SRR1589628_trim.fastq.gz,,GSE61838,R1-AD1,R1AD1_DHT_AR_rep,2,SRR1589628;SRR1589627,false,noInput,,33,,20,,,51
SRR1589629,SRR1589629_trim.fastq.gz,,GSE61838,R1-AD1,R1AD1_DHT_AR_rep,3,SRR1589629;SRR1589630,false,noInput,,33,,20,,,51
SRR1589630,SRR1589630_trim.fastq.gz,,GSE61838,R1-AD1,R1AD1_DHT_AR_rep,3,,false,noInput,,33,,20,,,51
SRR1589631,SRR1589631_trim.fastq.gz,,GSE61838,R1D567,R1D567_Eth_Arv567es_rep,1,SRR1589631;SRR1589632,false,noInput,,33,,20,,,50
SRR1589632,SRR1589632_trim.fastq.gz,,GSE61838,R1D567,R1D567_Eth_Arv567es_rep,1,,false,noInput,,33,,20,,,50
SRR1589633,SRR1589633_trim.fastq.gz,,GSE61838,R1D567,R1D567_Eth_Arv567es_rep,2,,false,noInput,,33,,20,,,51
SRR1589634,SRR1589634_trim.fastq.gz,,GSE61838,R1D567,R1D567_Eth_Arv567es_rep,2,SRR1589634;SRR1589633,false,noInput,,33,,20,,,51
SRR1589635,SRR1589635_trim.fastq.gz,,GSE61838,R1D567,R1D567_Eth_Arv567es_rep,3,SRR1589635;SRR1589636,false,noInput,,33,,20,,,51
SRR1589636,SRR1589636_trim.fastq.gz,,GSE61838,R1D567,R1D567_Eth_Arv567es_rep,3,,false,noInput,,33,,20,,,51
SRR1589637,SRR1589637_trim.fastq.gz,,GSE61838,R1-AD1,R1AD1_input,1,SRR1589637;SRR1589638,false,noInput,,33,,20,,,50
SRR1589638,SRR1589638_trim.fastq.gz,,GSE61838,R1-AD1,R1AD1_input,1,,false,noInput,,33,,20,,,50
SRR1589639,SRR1589639_trim.fastq.gz,,GSE61838,R1D567,R1D567_input,1,SRR1589639;SRR1589640,false,noInput,,33,,20,,,50
SRR1589640,SRR1589640_trim.fastq.gz,,GSE61838,R1D567,R1D567_input,1,,false,noInput,,33,,20,,,50
SRR1615984,SRR1615984_trim.fastq.gz,,GSE62492,LNCaP,lncap_AR_vehicle,1,None,false,noInput,,33,,20,,,36
SRR1615985,SRR1615985_trim.fastq.gz,,GSE62492,LNCaP,lncap_R1881_24h_AR,1,None,false,noInput,,33,,20,,,36
SRR1615996,SRR1615996_trim.fastq.gz,,GSE62492,LNCaP,lncap_AR_DHT_Control,1,None,false,noInput,,33,GATCGGAAGAGCTCGTATGCCGTCTTCTGCTTAGAT;GATCGGAAGAGCTCGTATGCCGTCTTCTGCTTGAAA,20,,,36
SRR1615997,SRR1615997_trim.fastq.gz,,GSE62492,LNCaP,lncap_AR_DHT_siFOXP1,1,None,false,noInput,,33,GATCGGAAGAGCTCGTATGCCGTCTTCTGCTTAGAT;GATCGGAAGAGCTCGTATGCCGTCTTCTGCTTGAAA;GATCGGAAGAGCTCGTATGCCGTCTTCTGCTTGGAA,20,,,36
SRR1648883,SRR1648883_trim.fastq.gz,,GSE63202,LNCaP,LNCaP_AR_ChIP_seq_1h_dht,1,None,false,noInput,,33,,20,,,101
SRR1740346,SRR1740346_trim.fastq.gz,,GSE64656,LNCaP,AR_LNCaP_ChIP_seq,1,,false,noMerge,SRR1740348,33,GATCGGAAGAGCACACGTCTGAACTCCAGTCACATCACGATCTCGTATGC,20,,,50
SRR1740347,SRR1740347_trim.fastq.gz,,GSE64656,LNCaP,AR_LNCaP_ChIP_seq,1,SRR1740347;SRR1740346,false,noMerge,SRR1740348,33,AGATCGGAAGAGCACACGTCTGAACTCCAGTCACCGATGTATCTCGTATG;GATCGGAAGAGCACACGTCTGAACTCCAGTCACCGATGTATCTCGTATGC,20,,,50
SRR1740348,SRR1740348_trim.fastq.gz,,GSE64656,LNCaP,AR_LNCaP_Input,1,SRR1740348;SRR1740349,false,,,33,GATCGGAAGAGCACACGTCTGAACTCCAGTCACTTAGGCATCTCGTATGC,20,,,50
SRR1740349,SRR1740349_trim.fastq.gz,,GSE64656,LNCaP,AR_LNCaP_Input,1,,false,,,33,,20,,,50
SRR1740350,SRR1740350_trim.fastq.gz,,GSE64656,LNCaP,VDR_LNCaP_ChIP_seq,1,SRR1740350;SRR1740351,false,noMerge,SRR1740352,33,,20,,,49
SRR1740351,SRR1740351_trim.fastq.gz,,GSE64656,LNCaP,VDR_LNCaP_ChIP_seq,1,,false,noMerge,SRR1740352,33,,20,,,49
SRR1740352,SRR1740352_trim.fastq.gz,,GSE64656,LNCaP,VDR_LNCaP_Input,1,SRR1740352;SRR1740353,false,,,33,,20,,,49
SRR1740353,SRR1740353_trim.fastq.gz,,GSE64656,LNCaP,VDR_LNCaP_Input,1,,false,,,33,GATCGGAAGAGCACACGTCTGAACTCCAGTCACACTTGAATCTCGTATG,20,,,49
SRR2071859,SRR2071859_trim.fastq.gz,,GSE56289,LHSAR,AR_ChIP_seq_LHSAR_FOXA1,1,None,false,noInput,,33,AGATCGGAAGAGCACACGTCTGAACTCCAGTCACTGACCAATCTCGTATG,20,,,76
SRR2071860,SRR2071860_trim.fastq.gz,,GSE56290,LHSAR,AR_ChIP_seq_LHSAR_HOXB13,1,None,false,noInput,,33,AGATCGGAAGAGCACACGTCTGAACTCCAGTCACACAGTGATCTCGTATG,20,,,76
SRR2071861,SRR2071861_trim.fastq.gz,,GSE56291,LHSAR,AR_ChIP_seq_LHSAR_FOXA1_HOXB13,1,None,false,noInput,,33,,20,,,76
SRR2071862,SRR2071862_trim.fastq.gz,,GSE56292,LHSAR,AR_ChIP_seq_LHSAR_FOXA1_HOXB13,2,None,false,noInput,,33,AGATCGGAAGAGCACACGTCTGAACTCCAGTCACCGATGTATCTCGTATG,20,,,76
SRR2071863,SRR2071863_trim.fastq.gz,,GSE56293,LHSAR,AR_ChIP_seq_LHSAR_LacZ,1,None,false,noInput,,33,AGATCGGAAGAGCACACGTCTGAACTCCAGTCACATCACGATCTCGTATG,20,,,76
SRR2071864,SRR2071864_trim.fastq.gz,,GSE56294,LHSAR,AR_ChIP_seq_LHSAR_LacZ,2,None,false,noInput,,33,,20,,,76
SRR488261,SRR488261_trim.fastq.gz,,GSE37345,LNCaP,LNCaP_shCtrl_regular_medium_AR,1,None,false,noMerge,SRR1168784,33,GATCGGAAGAGCACACGTCTGAACTCCAGTCACCGATGTATCTCGTATGC,20,,,50
SRR488262,SRR488262_trim.fastq.gz,,GSE37345,LNCaP,LNCaP_shFoxA1_regular_medium_AR,1,None,false,noMerge,SRR1168784,33,GATCGGAAGAGCACACGTCTGAACTCCAGTCACTGACCAATCTCGTATGC,20,,,50
SRR496274,SRR496274_trim.fastq.gz,,GSE37345,LNCaP,AR_ChIP_seq_shCtrl_hormone_deprived,1,None,false,noMerge,SRR1168784,33,GATCGGAAGAGCACACGTCTGAACTCCAGTCACACAGTGATCTCGTATGC,20,,,50
SRR496275,SRR496275_trim.fastq.gz,,GSE37345,LNCaP,AR_ChIP_seq_shFoxA1_hormone_deprived,1,None,false,noMerge,SRR1168784,33,GATCGGAAGAGCACACGTCTGAACTCCAGTCACGCCAATATCTCGTATGC,20,,,50
SRR776489,SRR776489_trim.fastq.gz,,GSE45201,MDA_MB_453,AR_ChIP_seq_16h_DHT_treatment,1,None,false,noMerge,SRR776493,33,,20,,,60
SRR776493,SRR776493_trim.fastq.gz,,GSE45201,MDA_MB_453,MDA_MB_453_chromatin_input_seq,1,None,false,,,33,,20,,,50
SRR863537,SRR863537_trim.fastq.gz,,GSE47120,LNCaP,LNCaP_shScr_AR_ChIP,1,None,false,noMerge,SRR863539,33,GATCGGAAGAGCACACGTCTGAACTCCAGTCACACTTGAATCTCGTATGCC;GAAGAGCACACGTCTGAACTCCAGTCACACTTGAATCTCGTATGCCGTCTT,20,,,51
SRR863538,SRR863538_trim.fastq.gz,,GSE47120,LNCaP,LNCaP_ETV1sh2_AR,1,None,false,noMerge,SRR863539,33,GATCGGAAGAGCACACGTCTGAACTCCAGTCACGGCTACATCTCGTATGCC;GATCGGAAGAGCACACGTCTGAACTCCAGTCACGATCAGATCTCGTATGCC;GATCGGAAGAGCACACGTCTGAACTCCAGTCACGGCTAAATCTCGTATGCC;CATCGGAAGAGCACACGTCTGAACTCCAGTCACGATCAGATCTCGTATGCC;TATCGGAAGAGCACACGTCTGAACTCCAGTCACGATCAGATCTCGTATGCC;GATCGGAAGAGCACACGTCTGAACTCCAGTCCGATCAGATCTCGTATGCCG,20,,,51
SRR863539,SRR863539_trim.fastq.gz,,GSE47120,LNCaP,LNCaP_Input,1,None,false,,,33,CGGTTCAGCAGGAATGCCGAGATCGGAAGAGCGGTT,20,,,36
SRR901750,SRR901750_trim.fastq.gz,,GSE47987,DU145,Input_DU145_Empty_Vector,1,None,false,,,33,GATCGGAAGAGCACACGTCTGAACTCCAGTCACACAGTGATCTCGTATG,20,,,49
SRR901751,SRR901751_trim.fastq.gz,,GSE47987,DU145,AR_ChIP_seq_DU145_AR,1,None,false,noMerge,SRR901750,33,GATCGGAAGAGCACACGTCTGAACTCCAGTCACCGATGTATCTCGTATG,20,,,49
SRR901752,SRR901752_trim.fastq.gz,,GSE47987,DU145,AR_ChIP_seq_DU145_AR_FoxA1,1,None,false,noMerge,SRR901750,33,GATCGGAAGAGCACACGTCTGAACTCCAGTCACACAGTGATCTCGTATG,20,,,49
SRR901753,SRR901753_trim.fastq.gz,,GSE47987,DU145,AR_ChIP_seq_DU145_AR_FoxA1_high,1,None,false,noMerge,SRR901750,33,GATCGGAAGAGCACACGTCTGAACTCCAGTCACCAGATCATCTCGTATG,20,,,49
SRR901759,SRR901759_trim.fastq.gz,,GSE47987,DU145,AR_ChIP_seq_DU145_AR_C562S,1,None,false,noMerge,SRR901750,33,GATCGGAAGAGCACACGTCTGAACTCCAGTCACCGATGTATCTCGTATG,20,,,49
SRR901760,SRR901760_trim.fastq.gz,,GSE47987,DU145,AR_ChIP_seq_DU145_AR_C562S__FoxA1,1,None,false,noMerge,SRR901750,33,GATCGGAAGAGCACACGTCTGAACTCCAGTCACGCCAATATCTCGTATG,20,,,49
SRR901761,SRR901761_trim.fastq.gz,,GSE47987,DU145,AR_ChIP_seq_DU145_AR_Q640X,1,None,false,noMerge,SRR901750,33,GATCGGAAGAGCACACGTCTGAACTCCAGTCACCAGATCATCTCGTATG,20,,,49
SRR901762,SRR901762_trim.fastq.gz,,GSE47987,DU145,AR_ChIP_seq_DU145_AR_Q640X_FoxA1,1,None,false,noMerge,SRR901750,33,GATCGGAAGAGCACACGTCTGAACTCCAGTCACCTTGTAATCTCGTATG,20,,,49
SRR901763,SRR901763_trim.fastq.gz,,GSE47987,DU145,AR_ChIP_seq_DU145_AR_G568W,1,None,false,noMerge,SRR901750,33,GATCGGAAGAGCACACGTCTGAACTCCAGTCACAGTCAAATCTCGTATGC,20,,,50
SRR901764,SRR901764_trim.fastq.gz,,GSE47987,DU145,AR_ChIP_seq_DU145_AR_G568W_FoxA1,1,None,false,noMerge,SRR901750,33,GATCGGAAGAGCACACGTCTGAACTCCAGTCACAGTTCCATCTCGTATGC,20,,,50
SRR922203,SRR922203_trim.fastq.gz,,GSE48308,ARmo cell line,ARmo_0M,1,None,false,noMerge,SRR922212,33,,20,,,30
SRR922204,SRR922204_trim.fastq.gz,,GSE48308,ARmo cell line,ARmo_1nM,1,None,false,noMerge,SRR922212,33,,20,,,30
SRR922205,SRR922205_trim.fastq.gz,,GSE48308,ARmo cell line,ARmo_100nM,1,None,false,noMerge,SRR922212,33,,20,,,30
SRR922206,SRR922206_trim.fastq.gz,,GSE48308,ARhi cell line,ARhi_0M,1,None,false,noMerge,SRR922212,33,,20,,,30
SRR922207,SRR922207_trim.fastq.gz,,GSE48308,ARhi cell line,ARhi_1nM,1,None,false,noMerge,SRR922212,33,,20,,,30
SRR922208,SRR922208_trim.fastq.gz,,GSE48308,ARhi cell line,ARhi_100nM,1,None,false,noMerge,SRR922212,33,,20,,,30
SRR922209,SRR922209_trim.fastq.gz,,GSE48308,PC8,PC8_0M,1,None,false,noMerge,SRR922212,33,,20,,,30
SRR922210,SRR922210_trim.fastq.gz,,GSE48308,PC8,PC8_1nM,1,None,false,noMerge,SRR922212,33,,20,,,30
SRR922211,SRR922211_trim.fastq.gz,,GSE48308,PC8,PC8_100nM,1,None,false,noMerge,SRR922212,33,GATCGGAAGAGCTCGTATGCCGTCTTCTGC,20,,,30
SRR922212,SRR922212_trim.fastq.gz,,GSE48308,PC8_Armo_Arhi_pool,PC8_Armo_Arhi_pool_IgG_control,1,None,false,,,33,,20,,,30
SRR922213,SRR922213_trim.fastq.gz,,GSE48308,LuCAP,LuCaP_ARnormal,1,None,false,noMerge,SRR922215,33,,20,,,30
SRR922214,SRR922214_trim.fastq.gz,,GSE48308,LuCAP,LuCaP_ARplus,1,None,false,noMerge,SRR922215,33,,20,,,30
SRR922215,SRR922215_trim.fastq.gz,,GSE48308,LuCAP,LuCaP_pool_IgG_control,1,None,false,,,33,,20,,,30
